name,boronum,X,Y,SEGMENT,AnnoAngle,AnnoLine1,AnnoLine2,AnnoLine3,Borough,OBJECTID,Stacked
ACCORD,,,,,,,,,,,
ADAMS,,,,,,,,,,,
ADAMS CENTER,,,,,,,,,,,
ADDISON,,,,,,,,,,,
AFTON,,,,,,,,,,,
AIRMONT,,,,,,,,,,,
AKRON,,,,,,,,,,,
ALBANY,,,,,,,,,,,
ALBERTSON,,,,,,,,,,,
ALBION,,,,,,,,,,,
ALDEN,,,,,,,,,,,
ALEXANDER,,,,,,,,,,,
ALEXANDRIA BAY,,,,,,,,,,,
ALFRED,,,,,,,,,,,
ALLEGANY,,,,,,,,,,,
ALMOND,,,,,,,,,,,
ALTAMONT,,,,,,,,,,,
ALTMAR,,,,,,,,,,,
ALTONA,,,,,,,,,,,
AMAGANSETT,,,,,,,,,,,
AMENIA,,,,,,,,,,,
AMES,,,,,,,,,,,
AMITYVILLE,,,,,,,,,,,
AMSTERDAM,,,,,,,,,,,
ANDES,,,,,,,,,,,
ANDOVER,,,,,,,,,,,
ANGELICA,,,,,,,,,,,
ANGOLA,,,,,,,,,,,
ANGOLA ON THE LAKE,,,,,,,,,,,
ANNADALE,5,934621.69669,135376.6312,1,0,Annadale,,,STATEN ISLAND,218,1
ANTWERP,,,,,,,,,,,
APALACHIN,,,,,,,,,,,
AQUEBOGUE,,,,,,,,,,,
ARCADE,,,,,,,,,,,
ARDEN HEIGHTS,5,932590.6873,139450.96196,1,0,Arden,Heights,,STATEN ISLAND,244,2
ARDSLEY,,,,,,,,,,,
ARGYLE,,,,,,,,,,,
ARKPORT,,,,,,,,,,,
ARLINGTON,5,938425.3856,170785.62731,1,0,Arlington,,,STATEN ISLAND,230,1
ARMONK,,,,,,,,,,,
ARROCHAR,5,965608.95853,156536.29787,1,0,Arrochar,,,STATEN ISLAND,231,1
ARVERNE,4,1042022.389,153986.03591,1,0,Arverne,,,QUEENS,180,1
ASHAROKEN,,,,,,,,,,,
ASTORIA,4,1007613.5628,219276.42075,1,0,Astoria,,,QUEENS,132,1
ASTORIA HEIGHTS,4,1013422.418,219941.71568,1,0,Astoria,Heights,,QUEENS,269,2
ATHENS,,,,,,,,,,,
ATLANTIC BEACH,,,,,,,,,,,
ATTICA,,,,,,,,,,,
AU SABLE FORKS,,,,,,,,,,,
AUBURN,,,,,,,,,,,
AUBURNDALE,4,1041936.7658,216863.90983,1,0,Auburndale,,,QUEENS,155,1
AURORA,,,,,,,,,,,
AVERILL PARK,,,,,,,,,,,
AVOCA,,,,,,,,,,,
AVON,,,,,,,,,,,
BABYLON,,,,,,,,,,,
BAINBRIDGE,,,,,,,,,,,
BAITING HOLLOW,,,,,,,,,,,
BALDWIN,,,,,,,,,,,
BALDWIN HARBOR,,,,,,,,,,,
BALDWINSVILLE,,,,,,,,,,,
BALLSTON SPA,,,,,,,,,,,
BALMVILLE,,,,,,,,,,,
BARDONIA,,,,,,,,,,,
BARKER,,,,,,,,,,,
BARNEVELD,,,,,,,,,,,
BARNUM ISLAND,,,,,,,,,,,
BATAVIA,,,,,,,,,,,
BATH,,,,,,,,,,,
BATH BEACH,3,984596.50848,157697.23387,1,0,Bath,Beach,,BROOKLYN,80,2
BATTERY PARK CITY,1,979573.30232,198652.96921,1,0,Battery,Park,City,MANHATTAN,130,3
BAXTER ESTATES,,,,,,,,,,,
BAY PARK,,,,,,,,,,,
BAY RIDGE,3,975750.01928,167274.06708,1,0,Bay Ridge,,,BROOKLYN,47,1
BAY SHORE,,,,,,,,,,,
BAY TERRACE,4,1046061.4922,224566.35571,1,0,Bay,Terrace,,QUEENS,178,2
BAY TERRACE,5,945577.37819,141139.98877,1,0,Bay,Terrace,,STATEN ISLAND,238,2
BAYCHESTER,2,1029666.1956,255140.01274,1,0,Baychester,,,BRONX,11,1
BAYPORT,,,,,,,,,,,
BAYSIDE,4,1046777.5242,218446.5753,1,0,Bayside,,,QUEENS,154,1
BAYVILLE,,,,,,,,,,,
BAYWOOD,,,,,,,,,,,
BEACON,,,,,,,,,,,
BEAVERDAM LAKE-SALISBURY MILLS,,,,,,,,,,,
BEDFORD,,,,,,,,,,,
BEDFORD PARK,2,1015914.229,256330.3158,1,0,Bedford Park,,BRONX,14,2
BEDFORD STUYVESANT,3,1000395.0251,189658.80249,1,0,Bedford Stuyvesant,,,BROOKLYN,64,1
BEECHHURST,4,1038420.429,228169.07029,1,0,Beechhurst,,,QUEENS,177,1
BELLAIRE,4,1056614.2854,206441.21282,1,0,Bellaire,,,QUEENS,197,1
BELLE HARBOR,4,1024803.3218,149219.24328,1,0,Belle Harbor,,,QUEENS,193,1
BELLE TERRE,,,,,,,,,,,
BELLEROSE,4,1061819.7067,204839.33545,1,0,Bellerose,,,QUEENS,159,1
BELLEROSE TERRACE,,,,,,,,,,,
BELLMORE,,,,,,,,,,,
BELLPORT,,,,,,,,,,,
BELMONT,2,1015107.1555,251626.36097,1,0,Belmont,,,BRONX,35,1
BEMUS POINT,,,,,,,,,,,
BENSONHURST,3,985588.28209,161883.44433,1,0,Bensonhurst,,,BROOKLYN,48,1
BERGEN,,,,,,,,,,,
BERGEN BEACH,3,1012414.1766,163408.26182,1,0,Bergen,Beach,,BROOKLYN,92,2
BETHPAGE,,,,,,,,,,,
BIG FLATS,,,,,,,,,,,
BIG FLATS AIRPORT,,,,,,,,,,,
BILLINGTON HEIGHTS,,,,,,,,,,,
BINGHAMTON,,,,,,,,,,,
BLACK RIVER,,,,,,,,,,,
BLASDELL,,,,,,,,,,,
BLAUVELT,,,,,,,,,,,
BLISSVILLE,4,1002971.9717,207884.13579,1,0,Blissville,,,QUEENS,281,1
BLOOMFIELD,5,932254.0528,160033.47952,1,0,Bloomfield,,,STATEN ISLAND,248,1
BLOOMINGBURG,,,,,,,,,,,
BLUE POINT,,,,,,,,,,,
BOERUM HILL,3,988804.58602,189657.4252,1,0,Boerum,Hill,,BROOKLYN,88,2
BOHEMIA,,,,,,,,,,,
BOLIVAR,,,,,,,,,,,
BOONVILLE,,,,,,,,,,,
BOROUGH PARK,3,986887.30114,169943.03812,1,0,Borough,Park,,BROOKLYN,81,2
BRASHER FALLS-WINTHROP,,,,,,,,,,,
BREEZY POINT,4,1004948.2778,142361.60968,1,0,Breezy,Point,,QUEENS,175,2
BRENTWOOD,,,,,,,,,,,
BREWERTON,,,,,,,,,,,
BREWSTER,,,,,,,,,,,
BREWSTER HILL,,,,,,,,,,,
BRIARCLIFF MANOR,,,,,,,,,,,
BRIARWOOD,4,1036440.0058,198345.53938,1,0,Briarwood,,,QUEENS,162,1
BRIDGEHAMPTON,,,,,,,,,,,
BRIDGEPORT,,,,,,,,,,,
BRIDGEWATER,,,,,,,,,,,
BRIGHTON,,,,,,,,,,,
BRIGHTON BEACH,3,993946.51111,149431.29928,1,0,Brighton,Beach,,BROOKLYN,52,2
BRIGHTWATERS,,,,,,,,,,,
BRINCKERHOFF,,,,,,,,,,,
BROAD CHANNEL,4,1034217.8699,159026.5652,1,0,Broad,Channel,,QUEENS,174,2
BROADALBIN,,,,,,,,,,,
BROADWAY JUNCTION,3,1011067.2813,186254.27091,1,0,Broadway,Junction,,BROOKLYN,285,2
BROCKPORT,,,,,,,,,,,
BROCTON,,,,,,,,,,,
BRONX,2,998572.93099,161293.33593,1,0,Madison,,,BROOKLYN,299,1
BRONXVILLE,,,,,,,,,,,
BROOKHAVEN,,,,,,,,,,,
BROOKLYN,3,998572.93099,161293.33593,1,0,Madison,,,BROOKLYN,299,1
BROOKLYN HEIGHTS,3,985974.16846,192798.43171,1,0,Brooklyn,Heights,,BROOKLYN,65,2
BROOKVILLE,4,1053125.3081,179830.95633,1,0,Brookville,,,QUEENS,196,1
BROWNSVILLE,3,1009153.4679,181184.02056,1,0,Brownsville,,,BROOKLYN,61,1
BROWNVILLE,,,,,,,,,,,
BRUSHTON,,,,,,,,,,,
BUCHANAN,,,,,,,,,,,
BUFFALO,,,,,,,,,,,
BULLS HEAD,5,939988.88904,161407.39377,1,0,Bulls,Head,,STATEN ISLAND,249,2
BURDETT,,,,,,,,,,,
BURKE,,,,,,,,,,,
BUSHWICK,3,1004975.1137,193627.82375,1,0,Bushwick,,,BROOKLYN,63,1
BUTLER MANOR,5,920428.05119,123739.46911,1,0,Butler,Manor,,STATEN ISLAND,241,2
CAIRO,,,,,,,,,,,
CALCIUM,,,,,,,,,,,
CALEDONIA,,,,,,,,,,,
CALLICOON,,,,,,,,,,,
CALVERTON,,,,,,,,,,,
CAMBRIA HEIGHTS,4,1057662.7475,191783.85828,1,0,Cambria,Heights,,QUEENS,171,2
CAMBRIDGE,,,,,,,,,,,
CAMDEN,,,,,,,,,,,
CAMILLUS,,,,,,,,,,,
CANAJOHARIE,,,,,,,,,,,
CANANDAIGUA,,,,,,,,,,,
CANARSIE,3,1011424.051,170844.78566,1,0,Canarsie,,,BROOKLYN,75,1
CANASERAGA,,,,,,,,,,,
CANASTOTA,,,,,,,,,,,
CANDOR,,,,,,,,,,,
CANISTEO,,,,,,,,,,,
CANTON,,,,,,,,,,,
CAPE VINCENT,,,,,,,,,,,
CARLE PLACE,,,,,,,,,,,
CARMEL HAMLET,,,,,,,,,,,
CARNEGIE HILL,1,997195.00986,224432.68111,1,0,Carnegie,Hill,,MANHATTAN,250,2
CARROLL GARDENS,3,984146.61831,187795.46107,1,0,Carroll,Gardens,,BROOKLYN,67,2
CARTHAGE,,,,,,,,,,,
CASSADAGA,,,,,,,,,,,
CASTILE,,,,,,,,,,,
CASTLE HILL,2,1026313.8693,237702.66638,1,0,Castle,Hill,,BRONX,41,2
CASTLETON CORNERS,5,951160.56059,162753.71719,1,0,Castleton,Corners,,STATEN ISLAND,211,2
CASTLETON-ON-HUDSON,,,,,,,,,,,
CASTORLAND,,,,,,,,,,,
CATO,,,,,,,,,,,
CATSKILL,,,,,,,,,,,
CATTARAUGUS,,,,,,,,,,,
CAYUGA,,,,,,,,,,,
CAYUGA HEIGHTS,,,,,,,,,,,
CAZENOVIA,,,,,,,,,,,
CEDARHURST,,,,,,,,,,,
CELORON,,,,,,,,,,,
CENTER MORICHES,,,,,,,,,,,
CENTEREACH,,,,,,,,,,,
CENTERPORT,,,,,,,,,,,
CENTRAL HARLEM,1,999969.0719,236564.30776,1,0,Central,Harlem,,MANHATTAN,108,2
CENTRAL ISLIP,,,,,,,,,,,
CENTRAL SQUARE,,,,,,,,,,,
CENTRAL VALLEY,,,,,,,,,,,
CENTRE ISLAND,,,,,,,,,,,
CHAMPLAIN,,,,,,,,,,,
CHAPPAQUA,,,,,,,,,,,
CHARLESTON,5,919713.54638,132649.01986,1,0,Charleston,,,STATEN ISLAND,242,1
CHATEAUGAY,,,,,,,,,,,
CHATHAM,,,,,,,,,,,
CHAUMONT,,,,,,,,,,,
CHEEKTOWAGA,,,,,,,,,,,
CHELSEA,1,983386.47088,210348.55442,1,0,Chelsea,,,MANHATTAN,119,1
CHELSEA,5,931605.56263,156008.09879,1,0,Chelsea,,,STATEN ISLAND,247,1
CHERRY CREEK,,,,,,,,,,,
CHERRY VALLEY,,,,,,,,,,,
CHESTER,,,,,,,,,,,
CHESTNUT RIDGE,,,,,,,,,,,
CHINATOWN,1,985835.85148,199995.65222,1,0,Chinatown,,,MANHATTAN,103,1
CHITTENANGO,,,,,,,,,,,
CHURCHVILLE,,,,,,,,,,,
CITY ISLAND,2,1043321.8398,248024.24974,1,0,City,Island,,BRONX,13,2
CITY LINE,3,1020869.4829,186525.34353,1,0,City,Line,,BROOKLYN,91,2
CIVIC CENTER,1,982748.78449,199853.73945,1,0,Civic,Center,,MANHATTAN,252,2
CLAREMONT VILLAGE,2,1011591.5998,242204.45724,1,0,Claremont,Village,,BRONX,270,2
CLARENCE CENTER,,,,,,,,,,,
CLARK MILLS,,,,,,,,,,,
CLASON POINT,2,1024628.3707,233158.98485,1,0,Clason,Point,,BRONX,28,2
CLAVERACK-RED MILLS,,,,,,,,,,,
CLAYTON,,,,,,,,,,,
CLAYVILLE,,,,,,,,,,,
CLEVELAND,,,,,,,,,,,
CLIFTON,5,964083.22635,164868.1503,1,0,Clifton,,,STATEN ISLAND,256,1
CLIFTON SPRINGS,,,,,,,,,,,
CLINTON,1,985245.20928,215558.13947,1,0,Clinton,,,MANHATTAN,116,1
CLINTON HILL,3,993167.40768,191840.25384,1,0,Clinton,Hill,,BROOKLYN,85,2
CLINTONDALE,,,,,,,,,,,
CLYDE,,,,,,,,,,,
CO-OP CITY,2,1031281.3141,257852.3577,1,0,Co-op,City,,BRONX,2,2
COBBLE HILL,3,984648.97065,189904.14124,1,0,Cobble,Hill,,BROOKLYN,66,2
COBLESKILL,,,,,,,,,,,
COEYMANS,,,,,,,,,,,
COHOCTON,,,,,,,,,,,
COHOES,,,,,,,,,,,
COLD BROOK,,,,,,,,,,,
COLD SPRING,,,,,,,,,,,
COLD SPRING HARBOR,,,,,,,,,,,
COLLEGE POINT,4,1027715.0843,225277.05507,1,0,College,Point,,QUEENS,152,2
COLONIE,,,,,,,,,,,
COMMACK,,,,,,,,,,,
CONCORD,5,960918.47382,159513.4681,1,0,Concord,,,STATEN ISLAND,257,1
CONCOURSE,2,1007608.2882,243240.64382,1,0,Concourse,,,BRONX,44,1
CONCOURSE VILLAGE,2,1007540.4665,239778.16977,1,0,Concourse,Village,,BRONX,271,2
CONEY ISLAND,3,987393.91562,148506.9176,1,0,Coney Island,,,BROOKLYN,79,1
CONGERS,,,,,,,,,,,
CONSTABLEVILLE,,,,,,,,,,,
CONSTANTIA,,,,,,,,,,,
COOPERSTOWN,,,,,,,,,,,
COPAKE LAKE,,,,,,,,,,,
COPENHAGEN,,,,,,,,,,,
COPIAGUE,,,,,,,,,,,
CORAM,,,,,,,,,,,
CORFU,,,,,,,,,,,
CORINTH,,,,,,,,,,,
CORNING,,,,,,,,,,,
CORNWALL ON HUDSON,,,,,,,,,,,
CORTLAND,,,,,,,,,,,
CORTLAND WEST,,,,,,,,,,,
COUNTRY CLUB,2,1032918.337,246907.82972,1,0,Country,Club,,BRONX,30,2
COUNTRY KNOLLS,,,,,,,,,,,
COVE NECK,,,,,,,,,,,
COXSACKIE,,,,,,,,,,,
CRAGSMOOR,,,,,,,,,,,
CROGHAN,,,,,,,,,,,
CROMPOND,,,,,,,,,,,
CROTON-ON-HUDSON,,,,,,,,,,,
CROWN HEIGHTS,3,999981.14471,183682.65204,1,0,Crown,Heights,,BROOKLYN,56,2
CRUGERS,,,,,,,,,,,
CUBA,,,,,,,,,,,
CUMBERLAND HEAD,,,,,,,,,,,
CUTCHOGUE,,,,,,,,,,,
CYPRESS HILLS,3,1018687.5167,188732.11471,1,0,Cypress,Hills,,BROOKLYN,72,2
DANNEMORA,,,,,,,,,,,
DANSVILLE,,,,,,,,,,,
DEER PARK,,,,,,,,,,,
DEFERIET,,,,,,,,,,,
DELANSON,,,,,,,,,,,
DELEVAN,,,,,,,,,,,
DELHI,,,,,,,,,,,
DELMAR,,,,,,,,,,,
DEPAUVILLE,,,,,,,,,,,
DEPEW,,,,,,,,,,,
DEPOSIT,,,,,,,,,,,
DERING HARBOR,,,,,,,,,,,
DERUYTER,,,,,,,,,,,
DEXTER,,,,,,,,,,,
DITMAS PARK,3,995069.44587,173787.01173,1,0,Ditmas,Park,,BROOKLYN,224,2
DIX HILLS,,,,,,,,,,,
DOBBS FERRY,,,,,,,,,,,
DOLGEVILLE,,,,,,,,,,,
DONGAN HILLS,5,957475.76121,153760.57967,1,0,Dongan,Hills,,STATEN ISLAND,234,2
DOUGLASTON,4,1055578.6159,218764.30957,1,0,Douglaston,,,QUEENS,157,1
DOVER PLAINS,,,,,,,,,,,
DOWNTOWN,3,988835.91897,190969.97835,1,0,Down-,town,,BROOKLYN,87,2
DOWNTOWN FLUSHING,4,1031519.6597,216635.19539,1,0,Downtown,Flushing,,QUEENS,141,2
DRESDEN,,,,,,,,,,,
DRYDEN,,,,,,,,,,,
DUANE LAKE,,,,,,,,,,,
DUANESBURG,,,,,,,,,,,
DUMBO,3,987368.48227,195462.77021,1,0,Dumbo,,,BROOKLYN,286,1
DUNDEE,,,,,,,,,,,
DUNKIRK,,,,,,,,,,,
DYKER HEIGHTS,3,978888.17672,164875.31892,1,0,Dyker,Heights,,BROOKLYN,82,2
EARLVILLE,,,,,,,,,,,
EAST ATLANTIC BEACH,,,,,,,,,,,
EAST AURORA,,,,,,,,,,,
EAST ELMHURST,4,1021081.403,217677.17821,1,0,East,Elmhurst,,QUEENS,144,2
EAST FARMINGDALE,,,,,,,,,,,
EAST FLATBUSH,3,1001983.0219,173077.93145,1,0,East Flatbush,,,BROOKLYN,57,1
EAST GARDEN CITY,,,,,,,,,,,
EAST GLENVILLE,,,,,,,,,,,
EAST GREENBUSH,,,,,,,,,,,
EAST HAMPTON,,,,,,,,,,,
EAST HAMPTON NORTH,,,,,,,,,,,
EAST HARLEM,1,999705.77977,227919.70071,1,0,East,Harlem,,MANHATTAN,109,2
EAST HILLS,,,,,,,,,,,
EAST ISLIP,,,,,,,,,,,
EAST ITHACA,,,,,,,,,,,
EAST KINGSTON,,,,,,,,,,,
EAST MARION,,,,,,,,,,,
EAST MASSAPEQUA,,,,,,,,,,,
EAST MEADOW,,,,,,,,,,,
EAST MORICHES,,,,,,,,,,,
EAST NASSAU,,,,,,,,,,,
EAST NEW YORK,3,1017344.8925,183370.93449,1,0,East New York,,,BROOKLYN,73,1
EAST NORTHPORT,,,,,,,,,,,
EAST NORWICH,,,,,,,,,,,
EAST PATCHOGUE,,,,,,,,,,,
EAST QUOGUE,,,,,,,,,,,
EAST RANDOLPH,,,,,,,,,,,
EAST ROCHESTER,,,,,,,,,,,
EAST ROCKAWAY,,,,,,,,,,,
EAST SHOREHAM,,,,,,,,,,,
EAST SYRACUSE,,,,,,,,,,,
EAST TREMONT,2,1015417.1102,246314.36175,1,0,East,Tremont,,BRONX,18,2
EAST VILLAGE,1,989176.28508,204451.26634,1,0,East,Village,,MANHATTAN,121,2
EAST WILLIAMSBURG,3,1001201.3011,197405.29422,1,0,East,Williamsburg,,BROOKLYN,97,2
EAST WILLISTON,,,,,,,,,,,
EASTCHESTER,2,1031861.6151,262685.1899,1,0,Eastchester,,,BRONX,3,1
EASTPORT,,,,,,,,,,,
EATONS NECK,,,,,,,,,,,
EDEN,,,,,,,,,,,
EDENWALD,2,1026257.1125,261583.84827,1,0,Edenwald,,,BRONX,46,1
EDGEMERE,4,1046421.1752,156364.22308,1,0,Edgemere,,,QUEENS,179,1
EDGEWATER PARK,2,1035761.6148,238803.61332,1,0,Edgewater,Park,,BRONX,40,2
EDWARDS,,,,,,,,,,,
EGBERTVILLE,5,948895.82693,150290.69455,1,0,Egbertville,,,STATEN ISLAND,290,1
ELBA,,,,,,,,,,,
ELBRIDGE,,,,,,,,,,,
ELLENVILLE,,,,,,,,,,,
ELLICOTTVILLE,,,,,,,,,,,
ELLISBURG,,,,,,,,,,,
ELM PARK,5,944885.73849,168887.6918,1,0,Elm,Park,,STATEN ISLAND,261,2
ELMA CENTER,,,,,,,,,,,
ELMHURST,4,1017042.7694,210375.71775,1,0,Elmhurst,,,QUEENS,135,1
ELMIRA,,,,,,,,,,,
ELMIRA HEIGHTS,,,,,,,,,,,
ELMONT,,,,,,,,,,,
ELMSFORD,,,,,,,,,,,
ELTINGVILLE,5,938576.41483,136868.65906,1,0,Eltingville,,,STATEN ISLAND,217,1
ELWOOD,,,,,,,,,,,
EMERSON HILL,5,957104.56018,160363.10091,1,0,Emerson,Hill,,STATEN ISLAND,258,2
ENDICOTT,,,,,,,,,,,
ENDWELL,,,,,,,,,,,
ESPERANCE,,,,,,,,,,,
EVANS MILLS,,,,,,,,,,,
FABIUS,,,,,,,,,,,
FAIR HAVEN,,,,,,,,,,,
FAIRMOUNT,,,,,,,,,,,
FAIRPORT,,,,,,,,,,,
FAIRVIEW,,,,,,,,,,,
FAIRVIEW,,,,,,,,,,,
FALCONER,,,,,,,,,,,
FAR ROCKAWAY,4,1052288.0611,159109.69003,1,0,Far Rockaway,,,QUEENS,173,2
FARMINGDALE,,,,,,,,,,,
FARMINGVILLE,,,,,,,,,,,
FARNHAM,,,,,,,,,,,
FAYETTEVILLE,,,,,,,,,,,
FIELDSTON,2,1010336.7943,265524.08613,1,0,Fieldston,,,BRONX,4,1
FINANCIAL DISTRICT,1,981292.99179,196894.85068,1,0,Financial,District,,MANHATTAN,131,2
FIRE ISLAND,,,,,,,,,,,
FIRTHCLIFFE,,,,,,,,,,,
FISHERS ISLAND,,,,,,,,,,,
FISHKILL,,,,,,,,,,,
FLANDERS,,,,,,,,,,,
FLATBUSH,3,995795.60321,171109.79858,1,0,Flatbush,,,BROOKLYN,55,1
FLATIRON,1,986758.70035,208759.57761,1,0,Flatiron,,,MANHATTAN,279,1
FLATLANDS,3,1003926.103,168972.83238,1,0,Flatlands,,,BROOKLYN,76,1
FLEISCHMANNS,,,,,,,,,,,
FLORAL PARK,4,1064930.8727,209514.85235,1,0,Floral Park,,,QUEENS,184,1
FLORIDA,,,,,,,,,,,
FLOWER HILL,,,,,,,,,,,
FONDA,,,,,,,,,,,
FORDHAM,2,1012899.568,252978.87992,1,0,Fordham,,,BRONX,17,1
FOREST HILLS,4,1027357.734,203547.96927,1,0,Forest,Hills,,QUEENS,138,2
FOREST HILLS GARDENS,4,1028321.8351,199668.58792,1,0,Forest,Hills,Gardens,QUEENS,199,3
FOREST HOME,,,,,,,,,,,
FORESTVILLE,,,,,,,,,,,
FORT ANN,,,,,,,,,,,
FORT DRUM,,,,,,,,,,,
FORT EDWARD,,,,,,,,,,,
FORT GREENE,3,991764.01055,190126.64375,1,0,Fort,Greene,,BROOKLYN,70,2
FORT HAMILTON,3,975371.46,163254.61186,1,0,Fort,Hamilton,,BROOKLYN,102,2
FORT JOHNSON,,,,,,,,,,,
FORT MONTGOMERY,,,,,,,,,,,
FORT PLAIN,,,,,,,,,,,
FORT SALONGA,,,,,,,,,,,
FRANKFORT,,,,,,,,,,,
FRANKLIN,,,,,,,,,,,
FRANKLIN SQUARE,,,,,,,,,,,
FRANKLINVILLE,,,,,,,,,,,
FREDONIA,,,,,,,,,,,
FREEPORT,,,,,,,,,,,
FREEVILLE,,,,,,,,,,,
FRESH MEADOWS,4,1044468.2716,206910.98026,1,0,Fresh,Meadows,,QUEENS,161,2
FREWSBURG,,,,,,,,,,,
FRIENDSHIP,,,,,,,,,,,
FULTON,,,,,,,,,,,
FULTON FERRY,3,985495.61758,195500.77014,1,0,Fulton,Ferry,,BROOKLYN,282,2
FULTONVILLE,,,,,,,,,,,
GAINESVILLE,,,,,,,,,,,
GALEVILLE,,,,,,,,,,,
GALWAY,,,,,,,,,,,
GANG MILLS,,,,,,,,,,,
GARDEN CITY,,,,,,,,,,,
GARDEN CITY PARK,,,,,,,,,,,
GARDEN CITY SOUTH,,,,,,,,,,,
GARDINER,,,,,,,,,,,
GARDNERTOWN,,,,,,,,,,,
GASPORT,,,,,,,,,,,
GATES-NORTH GATES,,,,,,,,,,,
GENESEO,,,,,,,,,,,
GENEVA,,,,,,,,,,,
GEORGETOWN,3,1007547.4166,166571.18462,1,0,Georgetown,,,BROOKLYN,95,1
GERMANTOWN,,,,,,,,,,,
GERRITSEN BEACH,3,1003663.1866,154546.17718,1,0,Gerritsen,Beach,,BROOKLYN,83,2
GHENT,,,,,,,,,,,
GILBERTSVILLE,,,,,,,,,,,
GILGO-OAK BEACH-CAPTREE,,,,,,,,,,,
GLASCO,,,,,,,,,,,
GLEN COVE,,,,,,,,,,,
GLEN HEAD,,,,,,,,,,,
GLEN OAKS,4,1063082.9663,212446.17818,1,0,Glen,Oaks,,QUEENS,158,2
GLEN PARK,,,,,,,,,,,
GLENDALE,4,1020089.3574,195338.21666,1,0,Glendale,,,QUEENS,147,1
GLENS FALLS,,,,,,,,,,,
GLENS FALLS NORTH,,,,,,,,,,,
GLENWOOD LANDING,,,,,,,,,,,
GLOVERSVILLE,,,,,,,,,,,
GOLDENS BRIDGE,,,,,,,,,,,
GORDON HEIGHTS,,,,,,,,,,,
GOSHEN,,,,,,,,,,,
GOUVERNEUR,,,,,,,,,,,
GOWANDA,,,,,,,,,,,
GOWANUS,3,985792.04251,184807.74362,1,0,Gowanus,,,BROOKLYN,69,1
GRAMERCY,1,989411.21014,207862.56956,1,0,Gramercy,,,MANHATTAN,129,1
GRAND VIEW-ON-HUDSON,,,,,,,,,,,
GRANITEVILLE,5,941732.93049,165258.75418,1,0,Graniteville,,,STATEN ISLAND,229,1
GRANT CITY,5,954843.67363,149225.0871,1,0,Grant,City,,STATEN ISLAND,236,2
GRANVILLE,,,,,,,,,,,
GRASMERE,5,962957.22991,157251.01823,1,0,Grasmere,,,STATEN ISLAND,232,1
GRAVESEND,3,991617.57384,156146.79766,1,0,Gravesend,,,BROOKLYN,51,1
GREAT BEND,,,,,,,,,,,
GREAT KILLS,5,942751.90812,139502.3467,1,0,Great,Kills,,STATEN ISLAND,216,2
GREAT NECK,,,,,,,,,,,
GREAT NECK ESTATES,,,,,,,,,,,
GREAT NECK GARDENS,,,,,,,,,,,
GREAT NECK PLAZA,,,,,,,,,,,
GREAT RIVER,,,,,,,,,,,
GREECE,,,,,,,,,,,
GREEN ISLAND,,,,,,,,,,,
GREENE,,,,,,,,,,,
GREENLAWN,,,,,,,,,,,
GREENPOINT,3,996932.36406,205311.79021,1,0,Greenpoint,,,BROOKLYN,50,1
GREENPORT,,,,,,,,,,,
GREENPORT WEST,,,,,,,,,,,
GREENRIDGE,5,931037.30359,143253.00554,1,0,Greenridge,,,STATEN ISLAND,245,1
GREENVALE,,,,,,,,,,,
GREENVILLE,,,,,,,,,,,
GREENVILLE,,,,,,,,,,,
GREENWICH,,,,,,,,,,,
GREENWICH VILLAGE,1,984273.82835,204117.80737,1,0,Greenwich,Village,,MANHATTAN,120,2
GREENWOOD LAKE,,,,,,,,,,,
GROTON,,,,,,,,,,,
GRYMES HILL,5,960030.23937,166695.79166,1,0,Grymes,Hill,,STATEN ISLAND,205,2
HAGAMAN,,,,,,,,,,,
HALESITE,,,,,,,,,,,
HAMBURG,,,,,,,,,,,
HAMILTON,,,,,,,,,,,
HAMILTON HEIGHTS,1,998174.70967,239342.44656,1,0,Hamilton,Heights,,MANHATTAN,106,2
HAMMOND,,,,,,,,,,,
HAMMONDSPORT,,,,,,,,,,,
HAMPTON BAYS,,,,,,,,,,,
HAMPTON MANOR,,,,,,,,,,,
HANCOCK,,,,,,,,,,,
HANNIBAL,,,,,,,,,,,
HARBOR HILLS,,,,,,,,,,,
HARBOR ISLE,,,,,,,,,,,
HARRIMAN,,,,,,,,,,,
HARRIS HILL,,,,,,,,,,,
HARRISON,,,,,,,,,,,
HARRISVILLE,,,,,,,,,,,
HARTSDALE,,,,,,,,,,,
HASTINGS-ON-HUDSON,,,,,,,,,,,
HAUPPAUGE,,,,,,,,,,,
HAVERSTRAW,,,,,,,,,,,
HAVILAND,,,,,,,,,,,
HAWTHORNE,,,,,,,,,,,
HEAD OF THE HARBOR,,,,,,,,,,,
HEARTLAND VILLAGE,5,940082.92723,153955.71314,1,0,Heartland,Village,,STATEN ISLAND,246,2
HEMPSTEAD,,,,,,,,,,,
HERITAGE HILLS,,,,,,,,,,,
HERKIMER,,,,,,,,,,,
HERMON,,,,,,,,,,,
HERRICKS,,,,,,,,,,,
HERRINGS,,,,,,,,,,,
HEUVELTON,,,,,,,,,,,
HEWLETT,,,,,,,,,,,
HEWLETT BAY PARK,,,,,,,,,,,
HEWLETT HARBOR,,,,,,,,,,,
HEWLETT NECK,,,,,,,,,,,
HICKSVILLE,,,,,,,,,,,
HIGH  BRIDGE,2,1004698.4784,244090.27335,1,0,High,Bridge,,BRONX,20,2
HIGH FALLS,,,,,,,,,,,
HIGHLAND,,,,,,,,,,,
HIGHLAND FALLS,,,,,,,,,,,
HIGHLAND MILLS,,,,,,,,,,,
HIGHLAND PARK,3,1014680.9637,187943.35481,1,0,Highland,Park,,BROOKLYN,298,2
HILLBURN,,,,,,,,,,,
HILLCREST,4,1040350.6995,203050.28424,1,0,Hillcrest,,,QUEENS,188,1
HILLSIDE,,,,,,,,,,,
HILLSIDE LAKE,,,,,,,,,,,
HILTON,,,,,,,,,,,
HOBART,,,,,,,,,,,
HOLBROOK,,,,,,,,,,,
HOLLAND,,,,,,,,,,,
HOLLAND PATENT,,,,,,,,,,,
HOLLEY,,,,,,,,,,,
HOLLIS,4,1050993.9912,198493.38095,1,0,Hollis,,,QUEENS,166,1
HOLLISWOOD,4,1048796.7784,202026.47526,1,0,Holliswood,,,QUEENS,185,1
HOLTSVILLE,,,,,,,,,,,
HOMECREST,3,995584.55507,157337.87533,1,0,Homecrest,,,BROOKLYN,292,1
HOMER,,,,,,,,,,,
HONEOYE FALLS,,,,,,,,,,,
HOOSICK FALLS,,,,,,,,,,,
HOPEWELL JUNCTION,,,,,,,,,,,
HORNELL,,,,,,,,,,,
HORSEHEADS,,,,,,,,,,,
HORSEHEADS NORTH,,,,,,,,,,,
HOUGHTON,,,,,,,,,,,
HOWARD BEACH,4,1029162.1178,177669.78775,1,0,Howard,Beach,,QUEENS,136,2
HOWLAND HOOK,5,932566.19784,171929.61256,1,0,Howland,Hook,,STATEN ISLAND,260,2
HUDSON,,,,,,,,,,,
HUDSON FALLS,,,,,,,,,,,
HUGUENOT,5,930949.87791,133124.75972,1,0,Huguenot,,,STATEN ISLAND,239,1
HUNTER,,,,,,,,,,,
HUNTERS POINT,4,997033.2382,210125.79469,1,0,Hunters,Point,,QUEENS,275,2
HUNTINGTON,,,,,,,,,,,
HUNTINGTON BAY,,,,,,,,,,,
HUNTINGTON STATION,,,,,,,,,,,
HUNTS POINT,2,1016551.2339,234305.01668,1,0,Hunts,Point,,BRONX,25,2
HURLEY,,,,,,,,,,,
ILION,,,,,,,,,,,
INTERLAKEN,,,,,,,,,,,
INWOOD,1,1006041.8862,255408.13851,1,0,Inwood,,,MANHATTAN,105,1
IRONDEQUOIT,,,,,,,,,,,
IRVINGTON,,,,,,,,,,,
ISLAND PARK,,,,,,,,,,,
ISLANDIA,,,,,,,,,,,
ISLIP,,,,,,,,,,,
ISLIP TERRACE,,,,,,,,,,,
ITHACA,,,,,,,,,,,
JACKSON HEIGHTS,4,1016716.1211,213265.48231,1,0,Jackson,Heights,,QUEENS,134,2
JAMAICA CENTER,4,1040561.2916,196067.43469,1,0,Jamaica,Center,,QUEENS,163,2
JAMAICA ESTATES,4,1043232.9526,200499.47963,1,0,Jamaica,Estates,,QUEENS,186,2
JAMAICA HILLS,4,1040676.7067,198545.98583,1,0,Jamaica,Hills,,QUEENS,266,2
JAMESPORT,,,,,,,,,,,
JAMESTOWN,,,,,,,,,,,
JAMESTOWN WEST,,,,,,,,,,,
JEFFERSON HEIGHTS,,,,,,,,,,,
JEFFERSON VALLEY-YORKTOWN,,,,,,,,,,,
JEFFERSONVILLE,,,,,,,,,,,
JERICHO,,,,,,,,,,,
JOHNSON CITY,,,,,,,,,,,
JOHNSTOWN,,,,,,,,,,,
JORDAN,,,,,,,,,,,
KASER,,,,,,,,,,,
KEESEVILLE,,,,,,,,,,,
KENMORE,,,,,,,,,,,
KENSINGTON,3,989683.54391,173314.05401,1,0,Kensington,,,BROOKLYN,58,1
KERHONKSON,,,,,,,,,,,
KEW GARDENS,4,1031434.217,196238.05016,1,0,Kew,Gardens,,QUEENS,139,2
KEW GARDENS HILLS,4,1033900.3384,202582.04042,1,0,Kew,Gardens,Hills,QUEENS,160,3
KINDERHOOK,,,,,,,,,,,
KINGS,3,998572.93099,161293.33593,1,0,Madison,,,BROOKLYN,299,1
KINGS COUNTY,3,998572.93099,161293.33593,1,0,Madison,,,BROOKLYN,299,1
KINGS PARK,,,,,,,,,,,
KINGS POINT,,,,,,,,,,,
KINGSBRIDGE,2,1011123.2655,260515.2405,1,0,Kingsbridge,,,BRONX,6,1
KINGSTON,,,,,,,,,,,
KIRYAS JOEL,,,,,,,,,,,
LA FARGEVILLE,,,,,,,,,,,
LACKAWANNA,,,,,,,,,,,
LACONA,,,,,,,,,,,
LAKE CARMEL,,,,,,,,,,,
LAKE ERIE BEACH,,,,,,,,,,,
LAKE GEORGE,,,,,,,,,,,
LAKE GROVE,,,,,,,,,,,
LAKE KATRINE,,,,,,,,,,,
LAKE LUZERNE-HADLEY,,,,,,,,,,,
LAKE MOHEGAN,,,,,,,,,,,
LAKE PLACID,,,,,,,,,,,
LAKE RONKONKOMA,,,,,,,,,,,
LAKE SUCCESS,,,,,,,,,,,
LAKELAND,,,,,,,,,,,
LAKEVIEW,,,,,,,,,,,
LAKEWOOD,,,,,,,,,,,
LANCASTER,,,,,,,,,,,
LANSING,,,,,,,,,,,
LARCHMONT,,,,,,,,,,,
LATTINGTOWN,,,,,,,,,,,
LAUREL,,,,,,,,,,,
LAUREL HOLLOW,,,,,,,,,,,
LAURELTON,4,1056306.599,182711.3423,1,0,Laurelton,,,QUEENS,191,1
LAURENS,,,,,,,,,,,
LAWRENCE,,,,,,,,,,,
LE ROY,,,,,,,,,,,
LEEDS,,,,,,,,,,,
LEFRAK CITY,4,1022348.6187,207478.30524,1,0,Lefrak,City,,QUEENS,192,2
LEICESTER,,,,,,,,,,,
LENOX HILL,1,995645.7646,219123.59625,1,0,Lenox,Hill,,MANHATTAN,112,2
LEVITTOWN,,,,,,,,,,,
LEWISTON,,,,,,,,,,,
LIBERTY,,,,,,,,,,,
LIDO BEACH,,,,,,,,,,,
LIGHTHOUSE HILL,5,945934.761,149343.39559,1,0,Lighthouse,Hill,,STATEN ISLAND,295,2
LIMA,,,,,,,,,,,
LIME LAKE-MACHIAS,,,,,,,,,,,
LIMESTONE,,,,,,,,,,,
LINCOLN PARK,,,,,,,,,,,
LINCOLN SQUARE,1,988311.07126,221094.57361,1,0,Lincoln,Square,,MANHATTAN,115,2
LINCOLNDALE,,,,,,,,,,,
LINDENHURST,,,,,,,,,,,
LINDENWOOD,4,1025965.0927,181195.57795,1,0,Lindenwood,,,QUEENS,190,1
LISLE,,,,,,,,,,,
LITTLE FALLS,,,,,,,,,,,
LITTLE ITALY,1,984997.14613,201345.59211,1,0,Little,Italy,,MANHATTAN,124,2
LITTLE NECK,4,1056571.6244,220217.33619,1,0,Little,Neck,,QUEENS,156,2
LITTLE VALLEY,,,,,,,,,,,
LIVERPOOL,,,,,,,,,,,
LIVINGSTON MANOR,,,,,,,,,,,
LIVONIA,,,,,,,,,,,
LLOYD HARBOR,,,,,,,,,,,
LOCKPORT,,,,,,,,,,,
LOCUST VALLEY,,,,,,,,,,,
LODI,,,,,,,,,,,
LONG BEACH,,,,,,,,,,,
LONG ISLAND CITY,4,1001095.3538,212606.91867,1,0,Long,Island,City,QUEENS,142,3
LONGWOOD,2,1013096.0391,236256.84053,1,0,Longwood,,,BRONX,24,1
LORENZ PARK,,,,,,,,,,,
LOWER EAST SIDE,1,989547.33257,200793.45247,1,0,Lower,East,Side,MANHATTAN,122,3
LOWVILLE,,,,,,,,,,,
LYNBROOK,,,,,,,,,,,
LYNCOURT,,,,,,,,,,,
LYNDONVILLE,,,,,,,,,,,
LYON MOUNTAIN,,,,,,,,,,,
LYONS,,,,,,,,,,,
LYONS FALLS,,,,,,,,,,,
MACEDON,,,,,,,,,,,
MADISON,3,998572.93099,161293.33593,1,0,Madison,,,BROOKLYN,299,1
MAHOPAC,,,,,,,,,,,
MALBA,4,1032243.6425,227361.86685,1,0,Malba,,,QUEENS,297,1
MALDEN,,,,,,,,,,,
MALONE,,,,,,,,,,,
MALVERNE,,,,,,,,,,,
MALVERNE PARK OAKS,,,,,,,,,,,
MAMARONECK,,,,,,,,,,,
MANCHESTER,,,,,,,,,,,
MANHASSET,,,,,,,,,,,
MANHASSET HILLS,,,,,,,,,,,
MANHATTAN,1,998572.93099,161293.33593,1,0,Madison,,,BROOKLYN,299,1
MANHATTAN BEACH,3,999934.71304,149830.96712,1,0,Manhattan,Beach,,BROOKLYN,78,2
MANHATTAN TERRACE,3,996066.66074,163133.58914,1,0,Manhattan,Terrace,,BROOKLYN,54,2
MANHATTAN VALLEY,1,994138.30403,229759.44211,1,0,Manhattan,Valley,,MANHATTAN,127,2
MANHATTANVILLE,1,996045.48722,236911.24736,1,0,Manhattanville,,,MANHATTAN,107,2
MANLIUS,,,,,,,,,,,
MANNSVILLE,,,,,,,,,,,
MANOR HEIGHTS,5,950762.3583,158554.90637,1,0,Manor,Heights,,STATEN ISLAND,287,2
MANORHAVEN,,,,,,,,,,,
MANORVILLE,,,,,,,,,,,
MARATHON,,,,,,,,,,,
MARBLE HILL,1,1008956.756,258641.46735,1,0,Marble,Hill,,MANHATTAN,7,2
MARCELLUS,,,,,,,,,,,
MARGARETVILLE,,,,,,,,,,,
MARIAVILLE LAKE,,,,,,,,,,,
MARINE PARK,3,1003312.7506,161431.41833,1,0,Marine Park,,,BROOKLYN,84,1
MARINER'S HARBOR,5,942592.11841,169765.77108,1,0,Mariner's,Harbor,,STATEN ISLAND,209,2
MARLBORO,,,,,,,,,,,
MASPETH,4,1013016.0159,203586.34353,1,0,Maspeth,,,QUEENS,145,1
MASSAPEQUA,,,,,,,,,,,
MASSAPEQUA PARK,,,,,,,,,,,
MASSENA,,,,,,,,,,,
MASTIC,,,,,,,,,,,
MASTIC BEACH,,,,,,,,,,,
MATINECOCK,,,,,,,,,,,
MATTITUCK,,,,,,,,,,,
MATTYDALE,,,,,,,,,,,
MAYBROOK,,,,,,,,,,,
MAYFIELD,,,,,,,,,,,
MAYVILLE,,,,,,,,,,,
MCGRAW,,,,,,,,,,,
MECHANICSTOWN,,,,,,,,,,,
MECHANICVILLE,,,,,,,,,,,
MEDFORD,,,,,,,,,,,
MEDINA,,,,,,,,,,,
MEDUSA,,,,,,,,,,,
MELROSE,2,1009320.5319,237948.74627,1,0,Melrose,,,BRONX,21,1
MELROSE PARK,,,,,,,,,,,
MELVILLE,,,,,,,,,,,
MENANDS,,,,,,,,,,,
MERIDIAN,,,,,,,,,,,
MERRICK,,,,,,,,,,,
MEXICO,,,,,,,,,,,
MIDDLE ISLAND,,,,,,,,,,,
MIDDLE VILLAGE,4,1017198.5896,200307.99313,1,0,Middle,Village,,QUEENS,293,2
MIDDLEBURGH,,,,,,,,,,,
MIDDLEPORT,,,,,,,,,,,
MIDDLETOWN,,,,,,,,,,,
MIDDLEVILLE,,,,,,,,,,,
MIDLAND BEACH,5,958279.88132,148241.62351,1,0,Midland,Beach,,STATEN ISLAND,235,2
MIDTOWN,1,989328.71293,214231.53845,1,0,Midtown,,,MANHATTAN,117,1
MIDTOWN SOUTH,1,987377.35463,211979.11087,1,0,Midtown,South,,MANHATTAN,253,2
MIDWOOD,3,996021.15033,167200.68304,1,0,Midwood,,,BROOKLYN,93,1
MILFORD,,,,,,,,,,,
MILL BASIN,3,1007805.8403,163703.81766,1,0,Mill,Basin,,BROOKLYN,265,2
MILL ISLAND,3,1009744.1025,160194.46247,1,0,Mill,Island,,BROOKLYN,77,2
MILL NECK,,,,,,,,,,,
MILLBROOK,,,,,,,,,,,
MILLER PLACE,,,,,,,,,,,
MILLERTON,,,,,,,,,,,
MILLPORT,,,,,,,,,,,
MILTON,,,,,,,,,,,
MILTON,,,,,,,,,,,
MINEOLA,,,,,,,,,,,
MINETTO,,,,,,,,,,,
MINEVILLE-WITHERBEE,,,,,,,,,,,
MINOA,,,,,,,,,,,
MOHAWK,,,,,,,,,,,
MONROE,,,,,,,,,,,
MONSEY,,,,,,,,,,,
MONTAUK,,,,,,,,,,,
MONTEBELLO,,,,,,,,,,,
MONTGOMERY,,,,,,,,,,,
MONTICELLO,,,,,,,,,,,
MONTOUR FALLS,,,,,,,,,,,
MOOERS,,,,,,,,,,,
MORAVIA,,,,,,,,,,,
MORICHES,,,,,,,,,,,
MORNINGSIDE HEIGHTS,1,994244.65191,233655.21089,1,0,Morningside,Heights,,MANHATTAN,128,2
MORRIS,,,,,,,,,,,
MORRIS HEIGHTS,2,1006474.1117,248199.71264,1,0,Morris,Heights,,BRONX,16,2
MORRIS PARK,2,1025638.8919,248097.76074,1,0,Morris Park,,,BRONX,34,1
MORRISANIA,2,1011509.7266,239349.29202,1,0,Morrisania,,,BRONX,26,1
MORRISONVILLE,,,,,,,,,,,
MORRISTOWN,,,,,,,,,,,
MORRISVILLE,,,,,,,,,,,
MOTT HAVEN,2,1007476.82,233022.68394,1,0,Mott Haven,,,BRONX,22,1
MOUNT EDEN,2,1007337.6346,246717.02728,1,0,Mount,Eden,,BRONX,272,2
MOUNT HOPE,2,1009620.0706,248546.62074,1,0,Mount,Hope,,BRONX,273,2
MOUNT IVY,,,,,,,,,,,
MOUNT KISCO,,,,,,,,,,,
MOUNT MORRIS,,,,,,,,,,,
MOUNT SINAI,,,,,,,,,,,
MOUNT VERNON,,,,,,,,,,,
MUNNSVILLE,,,,,,,,,,,
MUNSEY PARK,,,,,,,,,,,
MUNSONS CORNERS,,,,,,,,,,,
MURRAY HILL,1,990253.74585,211904.38562,1,0,Murray,Hill,,MANHATTAN,118,2
MURRAY HILL,4,1036117.3382,217723.92615,1,0,Murray,Hill,,QUEENS,183,2
MUTTONTOWN,,,,,,,,,,,
MYERS CORNER,,,,,,,,,,,
NANUET,,,,,,,,,,,
NAPANOCH,,,,,,,,,,,
NAPEAGUE,,,,,,,,,,,
NAPLES,,,,,,,,,,,
NARROWSBURG,,,,,,,,,,,
NASSAU,,,,,,,,,,,
NATURAL BRIDGE,,,,,,,,,,,
NAVY YARD,3,992112.61911,193866.09034,1,0,Navy,Yard,,BROOKLYN,100,2
NEDROW,,,,,,,,,,,
NELLISTON,,,,,,,,,,,
NELSONVILLE,,,,,,,,,,,
NEPONSIT,4,1023825.3605,147717.03762,1,0,Neponsit,,,QUEENS,182,1
NESCONSET,,,,,,,,,,,
NEW BERLIN,,,,,,,,,,,
NEW BRIGHTON,5,960100.50301,172681.53001,1,0,New,Brighton,,STATEN ISLAND,201,2
NEW CASSEL,,,,,,,,,,,
NEW CITY,,,,,,,,,,,
NEW DORP,5,951890.76254,147901.50051,1,0,New,Dorp,,STATEN ISLAND,214,2
NEW DORP BEACH,5,955263.20855,144867.2241,1,0,New,Dorp,Beach,STATEN ISLAND,237,3
NEW HARTFORD,,,,,,,,,,,
NEW HEMPSTEAD,,,,,,,,,,,
NEW HYDE PARK,,,,,,,,,,,
NEW LOTS,3,1016122.4336,180752.90364,1,0,New,Lots,,BROOKLYN,263,2
NEW PALTZ,,,,,,,,,,,
NEW ROCHELLE,,,,,,,,,,,
NEW SPRINGVILLE,5,938437.14247,155821.71203,1,0,New,Springville,,STATEN ISLAND,212,2
NEW SQUARE,,,,,,,,,,,
NEW SUFFOLK,,,,,,,,,,,
NEW WINDSOR,,,,,,,,,,,
NEW YORK,1,998572.93099,161293.33593,1,0,Madison,,,BROOKLYN,299,1
NEW YORK CITY,1,998572.93099,161293.33593,1,0,Madison,,,BROOKLYN,299,1
NEW YORK MILLS,,,,,,,,,,,
NEWARK,,,,,,,,,,,
NEWARK VALLEY,,,,,,,,,,,
NEWBURGH,,,,,,,,,,,
NEWFANE,,,,,,,,,,,
NEWFIELD HAMLET,,,,,,,,,,,
NEWPORT,,,,,,,,,,,
NIAGARA FALLS,,,,,,,,,,,
NICHOLS,,,,,,,,,,,
NISKAYUNA,,,,,,,,,,,
NISSEQUOGUE,,,,,,,,,,,
NIVERVILLE,,,,,,,,,,,
NOHO,1,987455.99981,202779.51575,1,0,Noho,,,MANHATTAN,251,1
NORFOLK,,,,,,,,,,,
NORTH AMITYVILLE,,,,,,,,,,,
NORTH BABYLON,,,,,,,,,,,
NORTH BALLSTON SPA,,,,,,,,,,,
NORTH BAY SHORE,,,,,,,,,,,
NORTH BELLMORE,,,,,,,,,,,
NORTH BELLPORT,,,,,,,,,,,
NORTH BOSTON,,,,,,,,,,,
NORTH COLLINS,,,,,,,,,,,
NORTH CORONA,4,1023725.4926,214037.18779,1,0,North,Corona,,QUEENS,198,2
NORTH GREAT RIVER,,,,,,,,,,,
NORTH HAVEN,,,,,,,,,,,
NORTH HILLS,,,,,,,,,,,
NORTH HORNELL,,,,,,,,,,,
NORTH LINDENHURST,,,,,,,,,,,
NORTH LYNBROOK,,,,,,,,,,,
NORTH MASSAPEQUA,,,,,,,,,,,
NORTH MERRICK,,,,,,,,,,,
NORTH NEW HYDE PARK,,,,,,,,,,,
NORTH PATCHOGUE,,,,,,,,,,,
NORTH RIVERDALE,2,1010639.0355,270299.25768,1,0,North,Riverdale,,BRONX,37,2
NORTH SEA,,,,,,,,,,,
NORTH SIDE,3,995669.05228,199708.45464,1,0,North Side,,,BROOKLYN,98,1
NORTH SYRACUSE,,,,,,,,,,,
NORTH TONAWANDA,,,,,,,,,,,
NORTH VALLEY STREAM,,,,,,,,,,,
NORTH WANTAGH,,,,,,,,,,,
NORTHAMPTON,,,,,,,,,,,
NORTHEAST ITHACA,,,,,,,,,,,
NORTHPORT,,,,,,,,,,,
NORTHVILLE,,,,,,,,,,,
NORTHVILLE,,,,,,,,,,,
NORTHWEST HARBOR,,,,,,,,,,,
NORTHWEST ITHACA,,,,,,,,,,,
NORWICH,,,,,,,,,,,
NORWOOD,2,1017603.7227,258897.16795,1,0,Norwood,,,BRONX,9,1
NOYACK,,,,,,,,,,,
NUNDA,,,,,,,,,,,
NYACK,,,,,,,,,,,
NYC,1,998572.93099,161293.33593,1,0,Madison,,,BROOKLYN,299,1
OAKDALE,,,,,,,,,,,
OAKFIELD,,,,,,,,,,,
OAKLAND GARDENS,4,1052151.1496,211020.56718,1,0,Oakland,Gardens,,QUEENS,164,2
OAKWOOD,5,950470.54458,142762.78014,1,0,Oakwood,,,STATEN ISLAND,215,1
OCEAN BEACH,,,,,,,,,,,
OCEAN HILL,3,1008362.2936,186448.72262,1,0,Ocean,Hill,,BROOKLYN,90,2
OCEAN PARKWAY,3,993032.72356,162632.17675,1,0,Ocean,Parkway,,BROOKLYN,101,2
OCEANSIDE,,,,,,,,,,,
ODESSA,,,,,,,,,,,
OGDENSBURG,,,,,,,,,,,
OLCOTT,,,,,,,,,,,
OLD BETHPAGE,,,,,,,,,,,
OLD BROOKVILLE,,,,,,,,,,,
OLD FIELD,,,,,,,,,,,
OLD TOWN,5,959947.09846,156547.24929,1,0,Old,Town,,STATEN ISLAND,233,2
OLD WESTBURY,,,,,,,,,,,
OLEAN,,,,,,,,,,,
OLINVILLE,2,1022050.3073,256771.08001,1,0,Olinville,,,BRONX,42,1
ONEIDA,,,,,,,,,,,
ONEIDA CASTLE,,,,,,,,,,,
ONEONTA,,,,,,,,,,,
ORANGE LAKE,,,,,,,,,,,
ORANGEBURG,,,,,,,,,,,
ORCHARD PARK,,,,,,,,,,,
ORIENT,,,,,,,,,,,
ORISKANY,,,,,,,,,,,
ORISKANY FALLS,,,,,,,,,,,
OSSINING,,,,,,,,,,,
OSWEGO,,,,,,,,,,,
OTEGO,,,,,,,,,,,
OTISVILLE,,,,,,,,,,,
OVID,,,,,,,,,,,
OWEGO,,,,,,,,,,,
OXFORD,,,,,,,,,,,
OYSTER BAY,,,,,,,,,,,
OYSTER BAY COVE,,,,,,,,,,,
OZONE PARK,4,1027739.4534,187315.79143,1,0,Ozone Park,,,QUEENS,150,1
PAERDEGAT BASIN,3,1011358.5967,169297.49643,1,0,Paerdegat,Basin,,BROOKLYN,264,2
PAINTED POST,,,,,,,,,,,
PALATINE BRIDGE,,,,,,,,,,,
PALENVILLE,,,,,,,,,,,
PALMYRA,,,,,,,,,,,
PANAMA,,,,,,,,,,,
PARC,,,,,,,,,,,
PARISH,,,,,,,,,,,
PARK HILL,5,961993.63243,161231.07916,1,0,Park,Hill,,STATEN ISLAND,227,2
PARK SLOPE,3,990616.15327,184221.73364,1,0,Park,Slope,,BROOKLYN,71,2
PARKCHESTER,2,1024094.9479,244593.43245,1,0,Parkchester,,,BRONX,31,1
PATCHOGUE,,,,,,,,,,,
PATTERSONVILLE-ROTTERDAM JUNCTION,,,,,,,,,,,
PAWLING,,,,,,,,,,,
PEACH LAKE,,,,,,,,,,,
PEARL RIVER,,,,,,,,,,,
PECONIC,,,,,,,,,,,
PEEKSKILL,,,,,,,,,,,
PELHAM,,,,,,,,,,,
PELHAM BAY,2,1030707.4786,249233.60788,1,0,Pelham,Bay,,BRONX,38,2
PELHAM GARDENS,2,1028060.5899,253718.87089,1,0,Pelham,Gardens,,BRONX,43,2
PELHAM MANOR,,,,,,,,,,,
PELHAM PARKWAY,2,1024428.3645,251689.71845,1,0,Pelham Parkway,,,BRONX,12,1
PENN YAN,,,,,,,,,,,
PERRY,,,,,,,,,,,
PERRYSBURG,,,,,,,,,,,
PERU,,,,,,,,,,,
PHELPS,,,,,,,,,,,
PHILADELPHIA,,,,,,,,,,,
PHILMONT,,,,,,,,,,,
PHOENICIA,,,,,,,,,,,
PHOENIX,,,,,,,,,,,
PIERMONT,,,,,,,,,,,
PIKE,,,,,,,,,,,
PINE BUSH,,,,,,,,,,,
PINE HILL,,,,,,,,,,,
PINE PLAINS,,,,,,,,,,,
PITTSFORD,,,,,,,,,,,
PLAINEDGE,,,,,,,,,,,
PLAINVIEW,,,,,,,,,,,
PLANDOME,,,,,,,,,,,
PLANDOME HEIGHTS,,,,,,,,,,,
PLANDOME MANOR,,,,,,,,,,,
PLATTEKILL,,,,,,,,,,,
PLATTSBURGH,,,,,,,,,,,
PLATTSBURGH WEST,,,,,,,,,,,
PLEASANT PLAINS,5,923134.84663,130515.41356,1,0,Pleasant,Plains,,STATEN ISLAND,240,2
PLEASANT VALLEY,,,,,,,,,,,
PLEASANTVILLE,,,,,,,,,,,
POESTENKILL,,,,,,,,,,,
POINT LOOKOUT,,,,,,,,,,,
POLAND,,,,,,,,,,,
POMONA,,,,,,,,,,,
POMONOK,4,1038329.8485,207093.89426,1,0,Pomonok,,,QUEENS,268,1
POQUOTT,,,,,,,,,,,
PORT BYRON,,,,,,,,,,,
PORT CHESTER,,,,,,,,,,,
PORT DICKINSON,,,,,,,,,,,
PORT EWEN,,,,,,,,,,,
PORT HENRY,,,,,,,,,,,
PORT IVORY,5,935780.41779,172378.45287,1,0,Port,Ivory,,STATEN ISLAND,210,2
PORT JEFFERSON,,,,,,,,,,,
PORT JEFFERSON STATION,,,,,,,,,,,
PORT JERVIS,,,,,,,,,,,
PORT LEYDEN,,,,,,,,,,,
PORT MORRIS,2,1008275.3466,231356.58327,1,0,Port,Morris,,BRONX,23,2
PORT RICHMOND,5,948324.66403,170165.73354,1,0,Port,Richmond,,STATEN ISLAND,208,2
PORT WASHINGTON,,,,,,,,,,,
PORT WASHINGTON NORTH,,,,,,,,,,,
PORTVILLE,,,,,,,,,,,
POTSDAM,,,,,,,,,,,
POUGHKEEPSIE,,,,,,,,,,,
PRESTON-POTTER HOLLOW,,,,,,,,,,,
PRINCE'S BAY,5,928225.25443,131073.22576,1,0,Prince's,Bay,,STATEN ISLAND,294,2
PROSPECT,,,,,,,,,,,
PROSPECT HEIGHTS,3,993997.24559,185862.96723,1,0,Prospect,Heights,,BROOKLYN,60,2
PROSPECT LEFFERTS GARDENS,3,996763.53303,179159.77526,1,0,Prospect,Lefferts,Gardens,BROOKLYN,89,3
PROSPECT PARK SOUTH,3,994624.89164,175001.27406,1,0,Prospect,Park South,,BROOKLYN,94,2
PULASKI,,,,,,,,,,,
PUTNAM LAKE,,,,,,,,,,,
QUEENS,4,998572.93099,161293.33593,1,0,Madison,,,BROOKLYN,299,1
QUEENS VILLAGE,4,1056678.7249,201296.68309,1,0,Queens,Village,,QUEENS,165,2
QUEENSBORO HILL,4,1032517.4589,210592.39579,1,0,Queensboro,Hill,,QUEENS,187,2
QUIOQUE,,,,,,,,,,,
QUOGUE,,,,,,,,,,,
RANDALL MANOR,5,957036.19713,170868.75871,1,0,Randall,Manor,,STATEN ISLAND,259,2
RANDOLPH,,,,,,,,,,,
RANSOMVILLE,,,,,,,,,,,
RAPIDS,,,,,,,,,,,
RAVENA,,,,,,,,,,,
RAVENSWOOD,4,1003205.3614,216793.62945,1,0,Ravenswood,,,QUEENS,189,1
RED CREEK,,,,,,,,,,,
RED HOOK,3,980710.92078,185653.95519,1,0,Red,Hook,,BROOKLYN,68,2
RED OAKS MILL,,,,,,,,,,,
REDFORD,,,,,,,,,,,
REDWOOD,,,,,,,,,,,
REGO PARK,4,1023654.7332,204893.461,1,0,Rego Park,,,QUEENS,148,1
REMSEN,,,,,,,,,,,
REMSEN VILLAGE,3,1007377.0315,176871.35661,1,0,Remsen,Village,,BROOKLYN,262,2
REMSENBURG-SPEONK,,,,,,,,,,,
RENSSELAER,,,,,,,,,,,
RENSSELAER FALLS,,,,,,,,,,,
RHINEBECK,,,,,,,,,,,
RICHBURG,,,,,,,,,,,
RICHFIELD SPRINGS,,,,,,,,,,,
RICHMOND HILL,4,1030880.8326,193602.24506,1,0,Richmond,Hill,,QUEENS,140,2
RICHMOND TOWN,5,947005.79331,146827.76151,1,0,Richmond,Town,,STATEN ISLAND,254,2
RICHMOND VALLEY,5,920422.18637,128643.21652,1,0,Richmond,Valley,,STATEN ISLAND,296,2
RICHMONDVILLE,,,,,,,,,,,
RICHVILLE,,,,,,,,,,,
RIDGE,,,,,,,,,,,
RIDGEWOOD,4,1011576.7183,197353.08796,1,0,Ridgewood,,,QUEENS,146,1
RIFTON,,,,,,,,,,,
RIPLEY,,,,,,,,,,,
RIVERDALE,2,1008418.9891,263845.05897,1,0,Riverdale,,,BRONX,5,1
RIVERHEAD,,,,,,,,,,,
RIVERSIDE,,,,,,,,,,,
RIVERSIDE,,,,,,,,,,,
ROCHDALE,4,1047330.3971,185356.00926,1,0,Rochdale,,,QUEENS,169,1
ROCHESTER,,,,,,,,,,,
ROCK HILL,,,,,,,,,,,
ROCKAWAY PARK,4,1028268.5058,150750.83798,1,0,Rockaway Park,,,QUEENS,194,1
ROCKVILLE CENTRE,,,,,,,,,,,
ROCKY POINT,,,,,,,,,,,
ROME,,,,,,,,,,,
RONKONKOMA,,,,,,,,,,,
ROOSEVELT,,,,,,,,,,,
ROOSEVELT ISLAND,1,998247.7256,217045.00658,1,56,Roosevelt Island,,,MANHATTAN,113,1
ROSCOE,,,,,,,,,,,
ROSEBANK,5,964869.75036,163456.29059,1,0,Rosebank,,,STATEN ISLAND,203,1
ROSEDALE,4,1057701.2399,179776.3006,1,0,Rosedale,,,QUEENS,172,1
ROSENDALE VILLAGE,,,,,,,,,,,
ROSLYN,,,,,,,,,,,
ROSLYN ESTATES,,,,,,,,,,,
ROSLYN HARBOR,,,,,,,,,,,
ROSLYN HEIGHTS,,,,,,,,,,,
ROSSVILLE,5,924297.55985,139513.03041,1,0,Rossville,,,STATEN ISLAND,243,1
ROTTERDAM,,,,,,,,,,,
ROUND LAKE,,,,,,,,,,,
ROUSES POINT,,,,,,,,,,,
ROXBURY,4,1014217.6641,146005.24971,1,0,Roxbury,,,QUEENS,291,1
RUGBY,3,1004537.693,178127.52306,1,0,Rugby,,,BROOKLYN,226,1
RUSHVILLE,,,,,,,,,,,
RUSSELL GARDENS,,,,,,,,,,,
RYE,,,,,,,,,,,
RYE BROOK,,,,,,,,,,,
SACKETS HARBOR,,,,,,,,,,,
SADDLE ROCK,,,,,,,,,,,
SADDLE ROCK ESTATES,,,,,,,,,,,
SAG HARBOR,,,,,,,,,,,
SAGAPONACK,,,,,,,,,,,
SAINT BONAVENTURE,,,,,,,,,,,
SAINT JAMES,,,,,,,,,,,
SAINT JOHNSVILLE,,,,,,,,,,,
SALAMANCA,,,,,,,,,,,
SALEM,,,,,,,,,,,
SALISBURY,,,,,,,,,,,
SALTAIRE,,,,,,,,,,,
SAND RIDGE,,,,,,,,,,,
SANDS POINT,,,,,,,,,,,
SANDY CREEK,,,,,,,,,,,
SANDY GROUND,5,923723.74374,136503.63813,1,0,Sandy,Ground,,STATEN ISLAND,289,2
SARANAC LAKE,,,,,,,,,,,
SARATOGA SPRINGS,,,,,,,,,,,
SAUGERTIES,,,,,,,,,,,
SAUGERTIES SOUTH,,,,,,,,,,,
SAVONA,,,,,,,,,,,
SAYVILLE,,,,,,,,,,,
SCARSDALE,,,,,,,,,,,
SCHAGHTICOKE,,,,,,,,,,,
SCHENECTADY,,,,,,,,,,,
SCHOHARIE,,,,,,,,,,,
SCHUYLERVILLE,2,1032349.1125,240470.1487,1,0,Schuylerville,,,BRONX,39,1
SCOTCHTOWN,,,,,,,,,,,
SCOTIA,,,,,,,,,,,
SCOTTS CORNERS,,,,,,,,,,,
SCOTTSVILLE,,,,,,,,,,,
SEA CLIFF,,,,,,,,,,,
SEA GATE,3,982062.88888,149265.63361,1,0,Sea,Gate,,BROOKLYN,86,2
SEAFORD,,,,,,,,,,,
SEARINGTOWN,,,,,,,,,,,
SEASIDE,4,1033592.3852,151656.83388,1,0,Seaside,,,QUEENS,181,1
SELDEN,,,,,,,,,,,
SENECA FALLS,,,,,,,,,,,
SENECA KNOLLS,,,,,,,,,,,
SETAUKET-EAST SETAUKET,,,,,,,,,,,
SHARON SPRINGS,,,,,,,,,,,
SHEEPSHEAD BAY,3,1000030.0468,153101.43794,1,0,Sheepshead,Bay,,BROOKLYN,53,2
SHELTER ISLAND,,,,,,,,,,,
SHELTER ISLAND HEIGHTS,,,,,,,,,,,
SHENOROCK,,,,,,,,,,,
SHERBURNE,,,,,,,,,,,
SHERMAN,,,,,,,,,,,
SHERRILL,,,,,,,,,,,
SHINNECOCK HILLS,,,,,,,,,,,
SHIRLEY,,,,,,,,,,,
SHOKAN,,,,,,,,,,,
SHORE ACRES,5,965736.52816,161420.63292,1,0,Shore,Acres,,STATEN ISLAND,255,2
SHOREHAM,,,,,,,,,,,
SHORTSVILLE,,,,,,,,,,,
SHRUB OAK,,,,,,,,,,,
SIDNEY,,,,,,,,,,,
SILVER CREEK,,,,,,,,,,,
SILVER LAKE,5,957518.19158,164879.82022,1,0,Silver,Lake,,STATEN ISLAND,222,2
SILVER SPRINGS,,,,,,,,,,,
SINCLAIRVILLE,,,,,,,,,,,
SKANEATELES,,,,,,,,,,,
SLEEPY HOLLOW,,,,,,,,,,,
SLOAN,,,,,,,,,,,
SLOATSBURG,,,,,,,,,,,
SMALLWOOD,,,,,,,,,,,
SMITHTOWN,,,,,,,,,,,
SMYRNA,,,,,,,,,,,
SODUS,,,,,,,,,,,
SODUS POINT,,,,,,,,,,,
SOHO,1,984067.9787,202387.58445,1,0,Soho,,,MANHATTAN,125,1
SOLVAY,,,,,,,,,,,
SOMERVILLE,4,1040722.2096,157104.04772,1,0,Somerville,,,QUEENS,195,1
SOUND BEACH,,,,,,,,,,,
SOUNDVIEW,2,1021408.4477,238422.53141,1,0,Soundview,,,BRONX,27,1
SOUTH BEACH,5,962151.87949,150686.24822,1,0,South,Beach,,STATEN ISLAND,207,2
SOUTH CORNING,,,,,,,,,,,
SOUTH CORONA,4,1023924.4344,209778.73764,1,0,South,Corona,,QUEENS,137,2
SOUTH DAYTON,,,,,,,,,,,
SOUTH FALLSBURG,,,,,,,,,,,
SOUTH FARMINGDALE,,,,,,,,,,,
SOUTH FLORAL PARK,,,,,,,,,,,
SOUTH GLENS FALLS,,,,,,,,,,,
SOUTH HEMPSTEAD,,,,,,,,,,,
SOUTH HILL,,,,,,,,,,,
SOUTH HUNTINGTON,,,,,,,,,,,
SOUTH JAMAICA,4,1042363.4527,193249.53448,1,0,South Jamaica,,,QUEENS,167,1
SOUTH LOCKPORT,,,,,,,,,,,
SOUTH NYACK,,,,,,,,,,,
SOUTH OZONE PARK,4,1036995.6789,182904.28122,1,0,South,Ozone Park,,QUEENS,151,2
SOUTH SIDE,3,995893.6332,198265.29053,1,0,South Side,,,BROOKLYN,99,1
SOUTH VALLEY STREAM,,,,,,,,,,,
SOUTHAMPTON,,,,,,,,,,,
SOUTHOLD,,,,,,,,,,,
SOUTHPORT,,,,,,,,,,,
SPACKENKILL,,,,,,,,,,,
SPECULATOR,,,,,,,,,,,
SPENCER,,,,,,,,,,,
SPENCERPORT,,,,,,,,,,,
SPRING CREEK,3,1020323.0561,178716.71414,1,0,Spring,Creek,,BROOKLYN,96,2
SPRING VALLEY,,,,,,,,,,,
SPRINGFIELD GARDENS,4,1050714.2503,182093.01841,1,0,Springfield,Gardens,,QUEENS,170,2
SPRINGS,,,,,,,,,,,
SPRINGVILLE,,,,,,,,,,,
SPUYTEN DUYVIL,2,1007149.0119,260404.62655,1,0,Spuyten,Duyvil,,BRONX,36,2
ST. ALBANS,4,1051169.9987,192373.80822,1,0,St. Albans,,,QUEENS,168,1
ST. GEORGE,5,962228.74449,174270.5311,1,0,St.,George,,STATEN ISLAND,200,2
STAATSBURG,,,,,,,,,,,
STAMFORD,,,,,,,,,,,
STANNARDS,,,,,,,,,,,
STAPLETON,5,962625.6164,167692.63284,1,0,Stapleton,,,STATEN ISLAND,202,1
STAR LAKE,,,,,,,,,,,
STARRETT CITY,3,1017724.7542,175233.58265,1,0,Starrett,City,,BROOKLYN,74,2
STATEN ISLAND,5,998572.93099,161293.33593,1,0,Madison,,,BROOKLYN,299,1
STEINWAY,4,1011312.3592,221981.58758,1,0,Steinway,,,QUEENS,176,1
STEWART MANOR,,,,,,,,,,,
STILLWATER,,,,,,,,,,,
STONE RIDGE,,,,,,,,,,,
STONY BROOK,,,,,,,,,,,
STONY POINT,,,,,,,,,,,
STOTTVILLE,,,,,,,,,,,
STUYVESANT TOWN,1,991441.61914,205600.48681,1,0,Stuyvesant,Town,,MANHATTAN,278,2
SUFFERN,,,,,,,,,,,
SUNNYSIDE,4,1004502.5287,208951.24127,1,0,Sunnyside,,,QUEENS,143,1
SUNNYSIDE,5,957283.71928,162536.38528,1,0,Sunnyside,,,STATEN ISLAND,223,1
SUNNYSIDE GARDENS,4,1006918.014,210948.28485,1,0,Sunnyside,Gardens,,QUEENS,280,2
SUNSET PARK,3,981387.16418,174304.94672,1,0,Sunset,Park,,BROOKLYN,49,2
SUTTON PLACE,1,994346.04607,216269.44546,1,0,Sutton,Place,,MANHATTAN,274,2
SYLVAN BEACH,,,,,,,,,,,
SYOSSET,,,,,,,,,,,
SYRACUSE,,,,,,,,,,,
TANNERSVILLE,,,,,,,,,,,
TAPPAN,,,,,,,,,,,
TARRYTOWN,,,,,,,,,,,
TERRYVILLE,,,,,,,,,,,
THERESA,,,,,,,,,,,
THIELLS,,,,,,,,,,,
THOMASTON,,,,,,,,,,,
THORNWOOD,,,,,,,,,,,
THROGS NECK,2,1035084.6565,236296.69084,1,0,Throgs Neck,,,BRONX,29,1
TILLSON,,,,,,,,,,,
TIVOLI,,,,,,,,,,,
TODT HILL,5,953333.00113,156824.21298,1,0,Todt,Hill,,STATEN ISLAND,206,2
TOMPKINSVILLE,5,961893.05586,171478.08492,1,0,Tompkinsville,,,STATEN ISLAND,221,1
TONAWANDA,,,,,,,,,,,
TONAWANDA,,,,,,,,,,,
TOTTENVILLE,5,915681.50753,123479.8922,1,0,Tottenville,,,STATEN ISLAND,220,1
TOWN LINE,,,,,,,,,,,
TRAVIS,5,931272.09282,152944.01043,1,0,Travis,,,STATEN ISLAND,213,1
TRIBECA,1,981288.68603,202146.62332,1,0,Tribeca,,,MANHATTAN,123,1
TRIBES HILL,,,,,,,,,,,
TROY,,,,,,,,,,,
TRUMANSBURG,,,,,,,,,,,
TUCKAHOE,,,,,,,,,,,
TUCKAHOE,,,,,,,,,,,
TUDOR CITY,1,992224.72354,211400.11039,1,0,Tudor,City,,MANHATTAN,277,2
TULLY,,,,,,,,,,,
TUPPER LAKE,,,,,,,,,,,
TURIN,,,,,,,,,,,
TURTLE BAY,1,993196.8945,213267.63683,1,0,Turtle,Bay,,MANHATTAN,276,2
TUXEDO PARK,,,,,,,,,,,
UNADILLA,,,,,,,,,,,
UNION SPRINGS,,,,,,,,,,,
UNIONDALE,,,,,,,,,,,
UNIONPORT,2,1025613.0167,241621.69725,1,0,Unionport,,,BRONX,45,1
UNIONVILLE,,,,,,,,,,,
UNIVERSITY GARDENS,,,,,,,,,,,
UNIVERSITY HEIGHTS,2,1009031.9084,251054.6528,1,0,University,Heights,,BRONX,15,2
UPPER BROOKVILLE,,,,,,,,,,,
UPPER EAST SIDE,1,995188.05226,221865.32797,1,0,Upper,East,Side,MANHATTAN,110,3
UPPER NYACK,,,,,,,,,,,
UPPER WEST SIDE,1,990602.67003,226242.77854,1,0,Upper,West,Side,MANHATTAN,114,3
UTICA,,,,,,,,,,,
UTOPIA,4,1040588.1649,206575.87561,1,0,Utopia,,,QUEENS,267,1
VAILS GATE,,,,,,,,,,,
VALATIE,,,,,,,,,,,
VALHALLA,,,,,,,,,,,
VALLEY COTTAGE,,,,,,,,,,,
VALLEY FALLS,,,,,,,,,,,
VALLEY STREAM,,,,,,,,,,,
VAN ETTEN,,,,,,,,,,,
VAN NEST,2,1021242.8007,246654.94375,1,0,Van,Nest,,BRONX,33,2
VERNON,,,,,,,,,,,
VERPLANCK,,,,,,,,,,,
VICTOR,,,,,,,,,,,
VICTORY,,,,,,,,,,,
VILLAGE GREEN,,,,,,,,,,,
VILLAGE OF THE BRANCH,,,,,,,,,,,
VINEGAR HILL,3,989485.90028,195516.02437,1,0,Vinegar,Hill,,BROOKLYN,283,2
VIOLA,,,,,,,,,,,
VOORHEESVILLE,,,,,,,,,,,
WADDINGTON,,,,,,,,,,,
WADING RIVER,,,,,,,,,,,
WAINSCOTT,,,,,,,,,,,
WAKEFIELD,2,1026494.6048,265280.09186,1,0,Wakefield,,,BRONX,1,1
WALDEN,,,,,,,,,,,
WALKER VALLEY,,,,,,,,,,,
WALLKILL,,,,,,,,,,,
WALTON,,,,,,,,,,,
WALTON PARK,,,,,,,,,,,
WAMPSVILLE,,,,,,,,,,,
WANTAGH,,,,,,,,,,,
WAPPINGERS FALLS,,,,,,,,,,,
WARRENSBURG,,,,,,,,,,,
WARSAW,,,,,,,,,,,
WARWICK,,,,,,,,,,,
WASHINGTON HEIGHTS,1,1001706.4752,249654.83768,1,0,Washington,Heights,,MANHATTAN,104,2
WASHINGTONVILLE,,,,,,,,,,,
WATERFORD,,,,,,,,,,,
WATERLOO,,,,,,,,,,,
WATERMILL,,,,,,,,,,,
WATERTOWN,,,,,,,,,,,
WATERVILLE,,,,,,,,,,,
WATERVLIET,,,,,,,,,,,
WATKINS GLEN,,,,,,,,,,,
WAVERLY,,,,,,,,,,,
WAYLAND,,,,,,,,,,,
WEBSTER,,,,,,,,,,,
WEEDSPORT,,,,,,,,,,,
WEEKSVILLE,3,1003519.6071,185219.27462,1,0,Weeksville,,,BROOKLYN,284,1
WELLSBURG,,,,,,,,,,,
WELLSVILLE,,,,,,,,,,,
WESLEY HILLS,,,,,,,,,,,
WEST BABYLON,,,,,,,,,,,
WEST BAY SHORE,,,,,,,,,,,
WEST BRIGHTON,5,954500.18678,169505.1092,1,0,West,Brighton,,STATEN ISLAND,204,2
WEST CARTHAGE,,,,,,,,,,,
WEST ELMIRA,,,,,,,,,,,
WEST END,,,,,,,,,,,
WEST FARMS,2,1018078.1056,245144.36081,1,0,West,Farms,,BRONX,19,2
WEST GLENS FALLS,,,,,,,,,,,
WEST HAMPTON DUNES,,,,,,,,,,,
WEST HAVERSTRAW,,,,,,,,,,,
WEST HEMPSTEAD,,,,,,,,,,,
WEST HILLS,,,,,,,,,,,
WEST HURLEY,,,,,,,,,,,
WEST ISLIP,,,,,,,,,,,
WEST NYACK,,,,,,,,,,,
WEST POINT,,,,,,,,,,,
WEST SAND LAKE,,,,,,,,,,,
WEST SAYVILLE,,,,,,,,,,,
WEST SENECA,,,,,,,,,,,
WEST VILLAGE,1,982537.29475,206850.73464,1,0,West,Village,,MANHATTAN,126,2
WEST WINFIELD,,,,,,,,,,,
WESTBURY,,,,,,,,,,,
WESTCHESTER SQUARE,2,1027914.2388,245577.04728,1,0,Westchester,Square,,BRONX,32,2
WESTERLEIGH,5,947316.51021,165584.43496,1,0,Westerleigh,,,STATEN ISLAND,228,1
WESTFIELD,,,,,,,,,,,
WESTHAMPTON,,,,,,,,,,,
WESTHAMPTON BEACH,,,,,,,,,,,
WESTMERE,,,,,,,,,,,
WESTON MILLS,,,,,,,,,,,
WESTVALE,,,,,,,,,,,
WHEATLEY HEIGHTS,,,,,,,,,,,
WHITE PLAINS,,,,,,,,,,,
WHITEHALL,,,,,,,,,,,
WHITESBORO,,,,,,,,,,,
WHITESTONE,4,1035705.32,223976.71647,1,0,Whitestone,,,QUEENS,153,1
WHITNEY POINT,,,,,,,,,,,
WILLIAMSBRIDGE,2,1023670.015,260296.13727,1,0,Williamsbridge,,,BRONX,10,1
WILLIAMSBURG,3,995862.58142,196911.03142,1,0,Williamsburg,,,BROOKLYN,62,1
WILLIAMSVILLE,,,,,,,,,,,
WILLISTON PARK,,,,,,,,,,,
WILLOWBROOK,5,947572.62223,159250.76094,1,0,Willowbrook,,,STATEN ISLAND,288,1
WILSON,,,,,,,,,,,
WINDHAM,,,,,,,,,,,
WINDSOR,,,,,,,,,,,
WINDSOR TERRACE,3,989778.83112,178620.09721,1,0,Windsor,Terrace,,BROOKLYN,59,2
WINGATE,3,1001677.0957,180083.29277,1,0,Wingate,,,BROOKLYN,225,1
WOLCOTT,,,,,,,,,,,
WOODBURY,,,,,,,,,,,
WOODHAVEN,4,1023599.1985,190652.69945,1,0,Woodhaven,,,QUEENS,149,1
WOODLAWN,2,1020931.5818,266570.79171,1,0,Woodlawn,,,BRONX,8,1
WOODMERE,,,,,,,,,,,
WOODRIDGE,,,,,,,,,,,
WOODROW,5,922724.15618,135162.77894,1,0,Woodrow,,,STATEN ISLAND,219,1
WOODSBURGH,,,,,,,,,,,
WOODSIDE,4,1011448.4955,211206.98118,1,0,Woodside,,,QUEENS,133,1
WOODSTOCK,,,,,,,,,,,
WURTSBORO,,,,,,,,,,,
WYANDANCH,,,,,,,,,,,
WYNANTSKILL,,,,,,,,,,,
WYOMING,,,,,,,,,,,
YAPHANK,,,,,,,,,,,
YONKERS,,,,,,,,,,,
YORKSHIRE,,,,,,,,,,,
YORKTOWN HEIGHTS,,,,,,,,,,,
YORKVILLE,1,998896.50646,221973.40518,1,0,York-,ville,,MANHATTAN,111,2
YOUNGSTOWN,,,,,,,,,,,
ZENA,,,,,,,,,,,
